{"cameraMode":{"drawMode":0,"name":"Shaded","section":"Shading Mode"},"sceneLighting":false,"audioPlay":false,"sceneViewState":{"showFog":true,"showMaterialUpdate":false,"showSkybox":true,"showFlares":true,"showImageEffects":true,"showParticleSystems":true},"in2DMode":false,"pivot":{"x":-5.2983880043029789,"y":2.1018569469451906,"z":-6.629950046539307},"rotation":{"x":0.0006336498190648854,"y":0.9992496967315674,"z":-0.03148696571588516,"w":0.020672349259257318},"size":5.14905309677124,"orthographic":false}