{"cameraMode":{"drawMode":0,"name":"Shaded","section":"Shading Mode"},"sceneLighting":false,"audioPlay":false,"sceneViewState":{"showFog":true,"showMaterialUpdate":false,"showSkybox":true,"showFlares":true,"showImageEffects":true,"showParticleSystems":true},"in2DMode":false,"pivot":{"x":-1.1920928955078126e-7,"y":-0.023845195770263673,"z":-0.08468186855316162},"rotation":{"x":-0.27381354570388796,"y":-0.0542125329375267,"z":0.015461462549865246,"w":-0.9601269960403442},"size":4.651795387268066,"orthographic":false}